engrcvm, CVM service(s) all Up, All services healthy
pccvm, CVM service(s) all Up, All services healthy
corecvm, CVM service(s) all Up, All services healthy
calmcvm, CVM service(s) all Up, All services healthy
pecvm, CVM service(s) all Up, All services healthy
pccvm, Threshold not exceeded, All clear
pccvm, Threshold exceeded, / (71%), /home (43%)
corecvm, Threshold not exceeded, All clear
calmcvm, Threshold not exceeded, All clear
pecvm, Threshold not exceeded, All clear
engrcvm, Threshold not exceeded, All clear
pecvm, Threshold exceeded, / (64%), /home (63%)
calmcvm, Threshold exceeded, / (75%), /home (49%)
corecvm, Threshold exceeded, / (65%), /home (63%)
engrcvm, Threshold exceeded, / (68%), /home (62%)
