Host,Status,Remark
"corecvm","Unhealthy","Last updated: : Tue Jul 07 13:35:23 2026 (UTC +0800) (Fails: 3, Errors: 5)"
"pecvm","Unhealthy","Last updated: : Tue Jul 07 13:41:32 2026 (UTC +0800) (Fails: 3, Errors: 2)"
"pccvm","Unhealthy","Last updated: : Tue Jul 14 14:39:53 2026 (UTC +0800) (Fails: 1, Errors: 0)"
"calmcvm","Unhealthy","Last updated: : Tue Jul 14 14:38:38 2026 (UTC +0800) (Fails: 1, Errors: 1)"
"engrcvm","Unhealthy","Last updated: : Tue Jul 14 14:45:27 2026 (UTC +0800) (Fails: 2, Errors: 4)"
"corecvm","No log found","Last checked: 2026-07-20"
"pecvm","No log found","Last checked: 2026-07-20"
"pecvm","Unhealthy","Last updated: : Mon Jul 20 16:00:45 2026 (UTC +0800) (Fails: 2, Errors: 2)"
"corecvm","No log found","Last checked: 2026-07-24"
"calmcvm","No log found","Last checked: 2026-07-24"
"engrcvm","No log found","Last checked: 2026-07-24"
"calmcvm","Unhealthy","Last updated: : Fri Jul 24 14:58:47 2026 (UTC +0800) (Fails: 1, Errors: 1)"
"corecvm","No log found","Last checked: 2026-07-28"
"pccvm","No log found","Last checked: 2026-07-28"
"engrcvm","No log found","Last checked: 2026-07-28"
"pecvm","Unhealthy","Last updated: : Tue Jul 28 10:14:25 2026 (UTC +0800) (Fails: 2, Errors: 1)"
"engrcvm","Unhealthy","Last updated: : Tue Jul 28 15:33:45 2026 (UTC +0800) (Fails: 2, Errors: 4)"
